행자부행정동코드,시군구명,행정동명,공동육아나눔터유무,유아인구,필터링,위도,경도
11110530,종로구,사직동,0,1178.694476,0,37.57410805,126.9701437
11110540,종로구,삼청동,0,252.8974683,0,37.58801344,126.9811137
11110550,종로구,부암동,0,1508.016872,0,37.59669866,126.9625567
11110560,종로구,평창동,0,1967.646656,0,37.61396501,126.969274
11110570,종로구,무악동,0,824.0525668,0,37.57774075,126.9589891
11110580,종로구,교남동,0,902.3363239,0,37.57105298,126.964161
11110600,종로구,가회동,0,519.848947,0,37.58267644,126.9866182
11110615,종로구,종로1.2.3.4가동,0,1501.353882,1,37.57507655,126.9897333
11110630,종로구,종로5.6가동,0,330.6409198,0,37.573016,127.004241
11110640,종로구,이화동,0,963.8243214,0,37.57969001,127.0030693
11110670,종로구,창신1동,1,225.3241896,0,37.57226265,127.0140191
11110680,종로구,창신2동,0,476.5381874,0,37.57575481,127.0102517
11110690,종로구,창신3동,0,544.1311223,0,37.57881917,127.0132088
11110700,종로구,숭인1동,0,571.6978951,0,37.57722518,127.0168612
11110710,종로구,숭인2동,0,480.3181373,0,37.57430675,127.0206376
11110515,종로구,청운효자동,0,2123.479059,0,37.58465806,126.9704175
11110650,종로구,혜화동,0,2045.874184,0,37.58747148,126.9976891
11140520,중구,소공동,0,1295.142734,0,37.56429679,126.9743586
11140540,중구,회현동,0,529.6514351,0,37.55696816,126.9767086
11140550,중구,명동,0,769.4951944,0,37.56372809,126.9843554
11140570,중구,필동,0,416.8473459,0,37.55680279,126.9938483
11140580,중구,장충동,0,324.345308,0,37.55560998,127.0022798
11140590,중구,광희동,0,554.267275,0,37.56520434,127.0036254
11140605,중구,을지로동,0,244.9278575,0,37.56664043,126.9964914
11140650,중구,신당5동,0,767.8090817,0,37.56358116,127.0220162
11140670,중구,황학동,0,1072.413206,0,37.56841911,127.020798
11140680,중구,중림동,0,642.3592583,0,37.55731796,126.9659614
11140615,중구,신당동,1,655.9158561,0,37.56574752,127.0137748
11140625,중구,다산동,0,1247.504697,0,37.55470266,127.0082631
11140635,중구,약수동,0,1465.14628,0,37.54983728,127.0102398
11140645,중구,청구동,0,1454.630166,0,37.55685546,127.0149896
11140665,중구,동화동,0,787.4019221,0,37.56059413,127.018671
11170510,용산구,후암동,0,1211.12904,0,37.54993772,126.9805887
11170520,용산구,용산2가동,0,840.1815079,0,37.54023873,126.9835321
11170530,용산구,남영동,0,571.6528502,0,37.54510712,126.9735057
11170570,용산구,원효로2동,0,1517.533007,0,37.53310438,126.9513933
11170580,용산구,효창동,0,1031.745413,0,37.54305122,126.9613089
11170590,용산구,용문동,0,805.9383922,0,37.5381469,126.9585843
11170630,용산구,이촌1동,0,3579.222049,0,37.5172771,126.9709594
11170640,용산구,이촌2동,0,698.8780339,0,37.52333115,126.9539394
11170650,용산구,이태원1동,0,479.7662498,0,37.53339456,126.9932493
11170660,용산구,이태원2동,0,588.2016832,0,37.54166032,126.9921342
11170690,용산구,서빙고동,0,1537.295578,0,37.52246962,126.9883765
11170700,용산구,보광동,0,656.1993299,0,37.52587096,127.0012626
11170555,용산구,청파동,0,1489.376532,0,37.54785722,126.9671666
11170560,용산구,원효로1동,0,1912.750914,0,37.53747049,126.9665602
11170625,용산구,한강로동,0,2758.99362,0,37.52918454,126.9678552
11170685,용산구,한남동,0,2074.44508,0,37.53710166,127.005801
11200520,성동구,왕십리2동,0,1387.908685,0,37.56149776,127.0276904
11200540,성동구,마장동,0,1847.733587,0,37.56763673,127.0404901
11200550,성동구,사근동,0,1253.411852,0,37.558015,127.0454347
11200560,성동구,행당1동,0,1568.506183,0,37.55901978,127.0360566
11200570,성동구,행당2동,0,2715.517672,0,37.55667576,127.0295034
11200580,성동구,응봉동,0,1599.806363,0,37.5509888,127.0339822
11200590,성동구,금호1가동,1,1925.470302,0,37.55366878,127.0250557
11200620,성동구,금호4가동,0,1560.30774,0,37.54459485,127.0246
11200650,성동구,성수1가1동,0,1484.759039,0,37.54042032,127.0410443
11200660,성동구,성수1가2동,0,1582.284239,0,37.54907374,127.0439521
11200670,성동구,성수2가1동,0,1533.213398,0,37.5366552,127.0552814
11200690,성동구,성수2가3동,0,1580.535821,0,37.54554228,127.0581429
11200720,성동구,송정동,0,585.5658747,0,37.55233315,127.065698
11200790,성동구,용답동,0,1129.040386,0,37.55854018,127.0578488
11200535,성동구,왕십리도선동,0,3473.611869,0,37.56679117,127.0295695
11200615,성동구,금호2.3가동,0,2682.852607,0,37.55142836,127.0198922
11200645,성동구,옥수동,0,3990.724023,0,37.54196706,127.0161757
11215710,광진구,화양동,0,1421.415634,0,37.54326499,127.0734599
11215730,광진구,군자동,0,1021.665451,0,37.55306569,127.0736809
11215740,광진구,중곡1동,0,1268.127341,0,37.5620373,127.0777222
11215750,광진구,중곡2동,0,1861.48069,0,37.55890871,127.084587
11215760,광진구,중곡3동,0,1448.625691,0,37.56785113,127.0819697
11215770,광진구,중곡4동,0,2548.730522,0,37.56391182,127.0944481
11215780,광진구,능동,0,1630.593443,0,37.55065718,127.0816453
11215850,광진구,구의1동,0,2283.104764,0,37.5414904,127.0860324
11215860,광진구,구의2동,0,2457.912443,0,37.55100224,127.0944503
11215870,광진구,구의3동,0,3675.281414,0,37.53509206,127.0952359
11215810,광진구,광장동,0,6665.49381,1,37.54828309,127.1048726
11215820,광진구,자양1동,0,1698.122179,0,37.53554348,127.0804154
11215830,광진구,자양2동,0,2436.773021,0,37.52933469,127.0832539
11215840,광진구,자양3동,0,2940.427091,0,37.5316904,127.0711983
11215847,광진구,자양4동,0,1595.459655,0,37.53389181,127.0637659
11230710,동대문구,회기동,0,1360.44105,0,37.59370059,127.051407
11230720,동대문구,휘경1동,0,943.9838396,0,37.59187265,127.0624745
11230730,동대문구,휘경2동,0,1945.127857,0,37.58650599,127.0664358
11230705,동대문구,청량리동,0,1205.659994,0,37.58894055,127.0451188
11230536,동대문구,용신동,1,2165.509918,1,37.57561621,127.0322863
11230545,동대문구,제기동,1,2160.815274,0,37.58367676,127.0372424
11230560,동대문구,전농1동,0,2958.979381,0,37.57901159,127.051048
11230570,동대문구,전농2동,0,2376.633935,0,37.58072119,127.0611441
11230610,동대문구,답십리2동,0,2003.04572,0,37.57089199,127.0611138
11230650,동대문구,장안1동,0,2944.55621,1,37.56623145,127.0685899
11230660,동대문구,장안2동,0,3831.666372,0,37.57576022,127.0725385
11230740,동대문구,이문1동,0,1413.99404,0,37.59722176,127.0602927
11230750,동대문구,이문2동,0,1863.23255,0,37.60283343,127.0674922
11230600,동대문구,답십리1동,0,3104.448895,0,37.5709437,127.0516992
11260520,중랑구,면목2동,0,2198.372712,0,37.58937783,127.0781438
11260540,중랑구,면목4동,0,2039.182761,0,37.57347748,127.0864748
11260550,중랑구,면목5동,0,1235.305099,0,37.58297244,127.0796656
11260570,중랑구,면목7동,0,1738.075126,0,37.5772948,127.0926912
11260580,중랑구,상봉1동,0,2250.401976,0,37.60202536,127.0894684
11260590,중랑구,상봉2동,0,1451.038719,0,37.59424491,127.0838977
11260600,중랑구,중화1동,0,2229.299404,0,37.60228732,127.0831492
11260610,중랑구,중화2동,0,1956.634253,0,37.59872325,127.0752082
11260620,중랑구,묵1동,0,3160.500029,0,37.61373601,127.0824505
11260630,중랑구,묵2동,0,1810.009009,0,37.61037218,127.0746657
11260660,중랑구,망우3동,0,1169.003268,0,37.5918077,127.1029395
11260680,중랑구,신내1동,0,5283.63754,0,37.61280175,127.1045067
11260690,중랑구,신내2동,0,2032.795022,0,37.61095054,127.0916163
11260565,중랑구,면목본동,0,2191.61935,0,37.58834061,127.0895305
11260575,중랑구,면목3.8동,1,1594.883003,0,37.58459652,127.0973813
11260655,중랑구,망우본동,0,4087.859608,1,37.6019869,127.107536
11290580,성북구,돈암1동,0,1548.179104,0,37.59932704,127.0240416
11290590,성북구,돈암2동,0,2477.781491,0,37.59727529,127.0116292
11290600,성북구,안암동,0,1091.920942,0,37.58725171,127.027309
11290610,성북구,보문동,0,1418.950098,0,37.58260326,127.0192189
11290620,성북구,정릉1동,0,2103.543076,0,37.60326167,127.0166528
11290630,성북구,정릉2동,1,2414.750607,0,37.60379361,127.0081182
11290640,성북구,정릉3동,0,1294.577201,0,37.61226303,126.993765
11290650,성북구,정릉4동,0,2084.061961,0,37.62351062,126.9951801
11290660,성북구,길음1동,0,7560.545772,0,37.60811224,127.0197352
11290685,성북구,길음2동,0,2277.069681,0,37.6079711,127.027231
11290715,성북구,월곡1동,0,3739.499042,0,37.60787813,127.0364479
11290725,성북구,월곡2동,0,2353.77355,0,37.60329982,127.0451927
11290760,성북구,장위1동,0,2589.205343,0,37.61494425,127.0442649
11290770,성북구,장위2동,0,1069.916213,0,37.61222375,127.0517267
11290780,성북구,장위3동,0,742.4985722,0,37.61817789,127.0534944
11290525,성북구,성북동,0,2310.353693,0,37.59586828,126.9961501
11290555,성북구,삼선동,0,2308.965692,0,37.5866188,127.0117956
11290575,성북구,동선동,0,2212.982638,0,37.59373543,127.0184261
11290705,성북구,종암동,0,4248.242898,0,37.59725007,127.0333744
11290810,성북구,석관동,0,2749.10715,0,37.60826024,127.0613359
11305590,강북구,번1동,1,1114.745849,0,37.63762597,127.030545
11305600,강북구,번2동,0,1366.792112,0,37.6295153,127.0347946
11305606,강북구,번3동,0,1828.548627,0,37.62378241,127.0423359
11305610,강북구,수유1동,1,1742.40436,0,37.6299267,127.0088389
11305620,강북구,수유2동,0,1774.628748,0,37.64540182,127.0195037
11305630,강북구,수유3동,0,1705.403893,0,37.64045508,127.0235463
11305534,강북구,삼양동,0,2540.244275,0,37.62379262,127.0146843
11305535,강북구,미아동,0,1357.052272,0,37.62870001,127.0262927
11305545,강북구,송중동,0,3419.078988,1,37.6177049,127.0329218
11305555,강북구,송천동,0,2582.133622,0,37.61822155,127.0248713
11305575,강북구,삼각산동,0,4280.029504,0,37.61712721,127.0168306
11305645,강북구,우이동,0,1687.643233,0,37.66035273,127.000323
11305660,강북구,인수동,0,3183.880191,0,37.63764065,127.003963
11320660,도봉구,쌍문1동,0,1883.64579,0,37.65302538,127.0195119
11320670,도봉구,쌍문2동,0,2009.581643,0,37.65706204,127.0370019
11320680,도봉구,쌍문3동,1,1567.154802,0,37.64768718,127.0305863
11320681,도봉구,쌍문4동,0,1930.44163,0,37.65555058,127.0304077
11320690,도봉구,방학1동,0,2467.429929,0,37.66503304,127.0435171
11320700,도봉구,방학2동,0,1092.032855,0,37.66914508,127.0322602
11320710,도봉구,방학3동,1,2925.872809,0,37.66279624,127.0234695
11320511,도봉구,창1동,0,2367.739222,0,37.64713518,127.0435641
11320512,도봉구,창2동,0,3133.02233,0,37.64262634,127.0368249
11320513,도봉구,창3동,0,1216.286966,0,37.63736038,127.0416275
11320514,도봉구,창4동,1,3220.095615,0,37.65257763,127.0509264
11320515,도봉구,창5동,1,2384.647831,0,37.65535977,127.0427663
11320521,도봉구,도봉1동,1,1543.980628,0,37.68508409,127.0267942
11320522,도봉구,도봉2동,0,2242.914466,0,37.68118802,127.0477921
11350560,노원구,월계1동,0,2293.642753,1,37.62180521,127.0586035
11350570,노원구,월계2동,0,2590.639376,1,37.63407486,127.0512066
11350580,노원구,월계3동,0,3744.05919,1,37.62465546,127.0648918
11350600,노원구,공릉2동,0,5622.800834,1,37.63161361,127.0942279
11350611,노원구,하계1동,0,2487.879423,1,37.63861785,127.0748088
11350612,노원구,하계2동,0,1950.712136,1,37.63483892,127.0648229
11350619,노원구,중계본동,0,3913.215233,1,37.64813647,127.0857615
11350621,노원구,중계1동,0,5293.499867,1,37.65001713,127.0735009
11350624,노원구,중계4동,0,2198.718914,1,37.65884697,127.0822421
11350630,노원구,상계1동,0,4830.815113,1,37.68326823,127.065333
11350640,노원구,상계2동,0,2928.734544,1,37.65648818,127.0672655
11350670,노원구,상계5동,0,1822.339369,1,37.66322072,127.0695988
11350700,노원구,상계8동,0,3506.366333,1,37.66629013,127.053651
11350710,노원구,상계9동,0,2734.649248,1,37.66807013,127.0624959
11350720,노원구,상계10동,0,1405.217482,1,37.65964375,127.0583985
11350665,노원구,상계3.4동,0,1961.087311,1,37.67514556,127.0832669
11350695,노원구,상계6.7동,0,5618.185902,1,37.64874987,127.0600922
11350625,노원구,중계2.3동,0,4529.772427,1,37.64334422,127.0658879
11350595,노원구,공릉1동,1,4477.403039,1,37.62411899,127.0727701
11380510,은평구,녹번동,1,3234.808987,0,37.60541499,126.9350497
11380520,은평구,불광1동,0,3106.819404,0,37.61731254,126.9392715
11380551,은평구,갈현1동,0,1879.791668,0,37.62535252,126.9148871
11380552,은평구,갈현2동,0,2627.66841,0,37.6182836,126.9121235
11380560,은평구,구산동,0,3410.99897,0,37.61106366,126.9076465
11380570,은평구,대조동,0,4107.50277,0,37.61227984,126.923095
11380580,은평구,응암1동,0,2889.742026,0,37.59825533,126.9269001
11380590,은평구,응암2동,0,2562.480736,0,37.5918852,126.9230242
11380631,은평구,신사1동,0,2737.659174,0,37.59899369,126.9088428
11380632,은평구,신사2동,0,1650.21887,0,37.59289124,126.9062855
11380640,은평구,증산동,0,1418.214442,0,37.58378124,126.9058111
11380650,은평구,수색동,0,916.2318376,0,37.58577058,126.8949008
11380690,은평구,진관동,0,10576.67366,1,37.6392786,126.9405178
11380530,은평구,불광2동,0,2060.61154,0,37.62437284,126.9286503
11380600,은평구,응암3동,0,2109.767157,0,37.58865367,126.9177452
11380625,은평구,역촌동,0,5123.914369,0,37.60456887,126.9145295
11410520,서대문구,천연동,0,1804.930296,0,37.57121447,126.9571405
11410620,서대문구,홍제1동,1,2458.308675,0,37.58154125,126.9452007
11410640,서대문구,홍제3동,0,1691.515932,0,37.59202283,126.9511599
11410655,서대문구,홍제2동,0,1103.147736,0,37.58454681,126.9525258
11410660,서대문구,홍은1동,0,1503.415793,0,37.59997969,126.9470273
11410685,서대문구,홍은2동,0,2537.778571,0,37.58699157,126.9321738
11410690,서대문구,남가좌1동,0,1375.784652,0,37.57169443,126.9162014
11410700,서대문구,남가좌2동,0,1842.483232,0,37.57762435,126.9213304
11410710,서대문구,북가좌1동,0,2343.071468,0,37.57526769,126.9080032
11410720,서대문구,북가좌2동,0,4380.127407,1,37.58100351,126.9135009
11410565,서대문구,충현동,0,2625.999736,1,37.56390859,126.9580981
11410555,서대문구,북아현동,0,3885.339871,1,37.55924765,126.9555167
11410585,서대문구,신촌동,0,1972.325793,1,37.56363566,126.9410629
11410615,서대문구,연희동,1,3077.387335,1,37.57200573,126.9327348
11440590,마포구,용강동,0,4432.113192,1,37.54058865,126.9412701
11440600,마포구,대흥동,0,1442.12383,0,37.55212202,126.9414005
11440610,마포구,염리동,0,1526.900681,0,37.549825,126.9475469
11440630,마포구,신수동,0,2081.436408,0,37.54362572,126.9336424
11440660,마포구,서교동,0,2378.373008,1,37.55477218,126.9209483
11440680,마포구,합정동,1,1340.126542,0,37.54687455,126.9088414
11440690,마포구,망원1동,0,1444.605198,0,37.55275257,126.9002062
11440700,마포구,망원2동,0,1668.935709,0,37.55712018,126.8956802
11440710,마포구,연남동,0,1063.609056,0,37.56302992,126.9215449
11440720,마포구,성산1동,0,1978.218254,0,37.56198238,126.9118453
11440730,마포구,성산2동,0,3716.773913,1,37.56810577,126.9020429
11440740,마포구,상암동,0,5331.675209,1,37.57179302,126.8808606
11440585,마포구,도화동,0,1818.54897,0,37.53703989,126.9468072
11440655,마포구,서강동,0,2103.287245,0,37.54594625,126.9251579
11440565,마포구,공덕동,0,3631.228829,1,37.54911941,126.9577856
11440555,마포구,아현동,0,3899.566706,0,37.55192606,126.9528414
11470510,양천구,목1동,0,7341.318454,1,37.52744429,126.8750988
11470520,양천구,목2동,0,2453.778162,0,37.54359372,126.8740985
11470530,양천구,목3동,0,1933.486478,0,37.5452004,126.8654123
11470540,양천구,목4동,0,3061.412755,0,37.53543666,126.8668959
11470560,양천구,신월1동,0,1399.540829,0,37.5312656,126.8345321
11470570,양천구,신월2동,0,2069.302913,0,37.52339747,126.8463303
11470580,양천구,신월3동,0,1520.226179,0,37.53236069,126.8274672
11470590,양천구,신월4동,0,1983.133017,0,37.52224911,126.8398207
11470600,양천구,신월5동,0,1269.67691,0,37.54004485,126.8298984
11470610,양천구,신월6동,0,482.8063967,0,37.51597382,126.84213
11470611,양천구,신월7동,0,2043.090803,0,37.52066289,126.8323374
11470620,양천구,신정1동,0,3344.168533,0,37.51887731,126.8596345
11470630,양천구,신정2동,0,2053.916036,0,37.51895289,126.8751771
11470640,양천구,신정3동,0,6407.683204,1,37.51178227,126.839397
11470670,양천구,신정6동,0,3782.83691,0,37.51591081,126.8696437
11470680,양천구,신정7동,0,3567.157885,0,37.51011626,126.8646833
11470550,양천구,목5동,0,8241.731456,1,37.5363113,126.8810274
11470650,양천구,신정4동,0,3942.51142,0,37.52540925,126.8575706
11500510,강서구,염창동,0,4513.76176,1,37.55321167,126.8754313
11500520,강서구,등촌1동,0,1866.775731,1,37.55585624,126.8596333
11500530,강서구,등촌2동,0,1988.884127,1,37.54573555,126.8600253
11500535,강서구,등촌3동,0,3648.756263,1,37.56105481,126.8463387
11500590,강서구,화곡본동,0,3471.530263,1,37.54257376,126.848162
11500550,강서구,화곡2동,0,1617.359934,1,37.53227844,126.8543682
11500560,강서구,화곡3동,0,2578.134842,1,37.54405576,126.8342728
11500570,강서구,화곡4동,0,2344.242265,1,37.53609824,126.8585756
11500591,강서구,화곡6동,0,1571.615745,1,37.5517219,126.8511659
11500593,강서구,화곡8동,1,2589.379748,1,37.53422071,126.8486334
11500603,강서구,가양1동,0,3697.41247,1,37.57310053,126.8343471
11500604,강서구,가양2동,0,791.8062135,1,37.56865706,126.8540072
11500605,강서구,가양3동,0,593.4494416,1,37.56268228,126.8622967
11500611,강서구,발산1동,0,6301.932812,1,37.55044737,126.8255767
11500620,강서구,공항동,0,5512.321868,1,37.55649098,126.7949567
11500630,강서구,방화1동,0,5319.196938,1,37.56864279,126.8175504
11500640,강서구,방화2동,0,2118.282272,1,37.58380446,126.8045064
11500641,강서구,방화3동,0,1875.989947,1,37.58158459,126.8155342
11500540,강서구,화곡1동,0,4235.076374,1,37.53378027,126.840936
11500615,강서구,우장산동,0,4707.019627,1,37.55057211,126.8410151
11530510,구로구,신도림동,0,4918.190749,1,37.50973385,126.8828466
11530520,구로구,구로1동,0,3260.824433,0,37.49303215,126.8754605
11530540,구로구,구로3동,0,1837.195542,1,37.48487855,126.8949839
11530550,구로구,구로4동,0,1318.627121,0,37.49153575,126.8901972
11530560,구로구,구로5동,0,2331.63415,0,37.50203021,126.8884808
11530720,구로구,고척1동,0,2804.751325,0,37.50065876,126.8633991
11530730,구로구,고척2동,0,2556.685038,0,37.50585449,126.8533114
11530750,구로구,개봉2동,0,2759.393279,0,37.4927299,126.856364
11530760,구로구,개봉3동,0,2384.58715,0,37.48683576,126.8524112
11530770,구로구,오류1동,1,1318.296162,0,37.49696398,126.841634
11530780,구로구,오류2동,0,9102.633023,1,37.48419905,126.8346029
11530790,구로구,수궁동,0,2620.641105,0,37.49827721,126.8260696
11530595,구로구,가리봉동,1,262.3927886,0,37.48255546,126.8882567
11530530,구로구,구로2동,0,1914.379316,0,37.4974548,126.8794941
11530740,구로구,개봉1동,0,3149.335303,0,37.49988482,126.849876
11545510,금천구,가산동,0,1481.916397,1,37.47683526,126.8843407
11545610,금천구,독산1동,0,2820.228662,0,37.46419939,126.8927203
11545620,금천구,독산2동,0,1031.484798,0,37.46382547,126.902554
11545630,금천구,독산3동,0,1450.440643,0,37.47593304,126.9045938
11545640,금천구,독산4동,0,721.4339247,0,37.46921875,126.9040517
11545670,금천구,시흥1동,0,2790.605713,0,37.45288648,126.9001461
11545680,금천구,시흥2동,0,2554.398527,0,37.45058997,126.9200731
11545690,금천구,시흥3동,0,1000.869938,0,37.4402763,126.9059256
11545700,금천구,시흥4동,0,1351.511413,0,37.46007805,126.9091055
11545710,금천구,시흥5동,0,1256.85978,0,37.44874995,126.9124311
11560540,영등포구,여의동,0,5314.886916,1,37.52748903,126.9275709
11560550,영등포구,당산1동,0,1722.43628,0,37.52393073,126.8968512
11560560,영등포구,당산2동,0,3820.144795,1,37.5329829,126.9039118
11560610,영등포구,양평1동,0,1918.624326,0,37.52507415,126.8870734
11560620,영등포구,양평2동,0,2453.457861,0,37.54060041,126.8941779
11560630,영등포구,신길1동,1,1335.964848,0,37.51233791,126.9195105
11560650,영등포구,신길3동,0,1385.198997,0,37.5064471,126.9058866
11560660,영등포구,신길4동,0,622.9397452,0,37.50728458,126.9129179
11560670,영등포구,신길5동,0,854.5478151,0,37.50111709,126.9055547
11560680,영등포구,신길6동,0,3061.251925,0,37.49915626,126.9135411
11560690,영등포구,신길7동,0,1913.283673,0,37.50579781,126.9198031
11560700,영등포구,대림1동,0,1330.154686,0,37.49376859,126.9052616
11560710,영등포구,대림2동,0,747.0689585,0,37.48963464,126.9006434
11560720,영등포구,대림3동,0,1729.719477,0,37.49986827,126.8972722
11560515,영등포구,영등포본동,0,1590.546283,0,37.51372246,126.9096958
11560535,영등포구,영등포동,0,3350.113968,1,37.52152233,126.9078421
11560585,영등포구,도림동,0,1289.698905,0,37.50927725,126.9012358
11560605,영등포구,문래동,0,4340.669591,1,37.51638046,126.8914717
11590520,동작구,노량진2동,0,693.4751179,0,37.51092998,126.9380026
11590530,동작구,상도1동,0,4800.38008,1,37.49832855,126.9534704
11590540,동작구,상도2동,0,2957.920267,0,37.50367378,126.9420601
11590550,동작구,상도3동,0,1904.244659,0,37.49722769,126.9333544
11590560,동작구,상도4동,0,2811.384341,0,37.49742885,126.9407635
11590620,동작구,사당1동,0,1803.67103,0,37.47971693,126.9774092
11590640,동작구,사당3동,0,2503.104474,0,37.48881204,126.970862
11590650,동작구,사당4동,0,1195.558386,0,37.48059083,126.97077
11590651,동작구,사당5동,0,1288.84312,0,37.48580389,126.9650402
11590660,동작구,대방동,0,4213.972793,1,37.50711415,126.9280262
11590670,동작구,신대방1동,0,2054.940088,0,37.48994822,126.9107055
11590680,동작구,신대방2동,0,2548.156205,0,37.4943097,126.9215319
11590605,동작구,흑석동,0,3366.347786,0,37.50629622,126.9637629
11590510,동작구,노량진1동,0,2396.357686,1,37.51302538,126.9491547
11590630,동작구,사당2동,1,3955.519354,0,37.49823275,126.9751918
11620525,관악구,보라매동,0,1378.044372,0,37.49035779,126.9325945
11620545,관악구,청림동,0,1484.048791,0,37.48941469,126.9595685
11620575,관악구,행운동,0,1894.258042,0,37.48090362,126.9606222
11620585,관악구,낙성대동,1,1384.820973,0,37.46723064,126.9600458
11620615,관악구,중앙동,0,1233.065151,0,37.48412242,126.950618
11620625,관악구,인헌동,0,2007.082632,0,37.47207782,126.966619
11620630,관악구,남현동,0,1955.416101,0,37.46247162,126.9766402
11620645,관악구,서원동,0,1119.368972,0,37.48060171,126.9334447
11620655,관악구,신원동,0,695.5322936,0,37.47930041,126.9266988
11620665,관악구,서림동,0,1014.961151,0,37.47354846,126.9392101
11620685,관악구,신사동,0,1133.830989,0,37.4856255,126.9187529
11620695,관악구,신림동,1,801.3983037,0,37.48690034,126.9276129
11620715,관악구,난향동,0,1636.42463,0,37.46158877,126.9182663
11620725,관악구,조원동,0,1333.261757,0,37.48293838,126.9075252
11620735,관악구,대학동,0,1395.455365,0,37.4534754,126.9484818
11620605,관악구,은천동,0,2803.083223,0,37.48682133,126.9422091
11620565,관악구,성현동,0,3489.66193,0,37.48951457,126.9511664
11620595,관악구,청룡동,0,1833.647525,0,37.47804927,126.9458841
11620775,관악구,난곡동,0,1950.029985,0,37.47049534,126.9210486
11620745,관악구,삼성동,0,1172.210483,0,37.46066891,126.9301374
11620765,관악구,미성동,0,2413.19398,0,37.4759385,126.9154263
11680510,강남구,신사동,0,2234.760241,1,37.5257178,127.0213951
11680521,강남구,논현1동,0,1469.913308,1,37.51190951,127.0264959
11680531,강남구,논현2동,0,2567.930299,1,37.5152058,127.0362183
11680580,강남구,삼성1동,0,2126.342296,1,37.51539702,127.0606281
11680590,강남구,삼성2동,0,4013.309867,1,37.51183935,127.0487603
11680600,강남구,대치1동,0,5887.519893,1,37.49339121,127.0589654
11680630,강남구,대치4동,0,4486.172515,1,37.50166055,127.054899
11680640,강남구,역삼1동,0,2591.592576,1,37.50088902,127.0354909
11680650,강남구,역삼2동,0,6678.437329,1,37.49850209,127.044891
11680655,강남구,도곡1동,0,5053.181511,1,37.48904528,127.0409758
11680656,강남구,도곡2동,0,4905.971961,1,37.48821111,127.0496537
11680660,강남구,개포1동,0,1260.39543,1,37.4792839,127.0647095
11680690,강남구,개포4동,0,1921.080078,1,37.47555236,127.0532365
11680720,강남구,일원본동,0,4282.816964,1,37.48236971,127.0846745
11680730,강남구,일원1동,0,1521.042602,1,37.49338576,127.089246
11680740,강남구,일원2동,1,2321.175129,1,37.49547357,127.0793166
11680750,강남구,수서동,0,2178.701506,1,37.48683684,127.1005693
11680700,강남구,세곡동,0,10673.31514,1,37.47107468,127.1043475
11680545,강남구,압구정동,0,4366.348471,1,37.53026671,127.0334835
11680565,강남구,청담동,0,3337.619623,1,37.52453792,127.0505033
11680610,강남구,대치2동,0,5875.064112,1,37.50057536,127.0664154
11680670,강남구,개포2동,0,3622.79577,1,37.48647682,127.067635
11650510,서초구,서초1동,0,2902.70981,0,37.48695548,127.0201386
11650520,서초구,서초2동,0,3228.643406,1,37.488817,127.0279102
11650530,서초구,서초3동,0,4649.481033,1,37.48543127,127.0095921
11650531,서초구,서초4동,0,4484.948279,1,37.49898522,127.0199641
11650540,서초구,잠원동,0,4291.020863,1,37.51763843,127.0130388
11650550,서초구,반포본동,0,221.7359091,0,37.50628944,126.9864759
11650560,서초구,반포1동,0,4092.036386,1,37.50550591,127.016631
11650570,서초구,반포2동,0,3295.683685,0,37.50637942,126.9956951
11650580,서초구,반포3동,0,3019.87099,0,37.5124083,127.0035922
11650581,서초구,반포4동,1,6504.480954,1,37.49958086,127.003289
11650590,서초구,방배본동,0,2671.926664,0,37.49494886,126.9877656
11650600,서초구,방배1동,0,2290.913807,0,37.48491251,126.9963028
11650610,서초구,방배2동,0,1958.734669,0,37.47301542,126.9884853
11650620,서초구,방배3동,0,1842.421741,0,37.47431989,126.9978999
11650621,서초구,방배4동,0,3227.306025,0,37.48981879,126.990987
11650651,서초구,양재1동,0,8095.22197,1,37.46955773,127.0225308
11650652,서초구,양재2동,0,3043.374656,1,37.45114771,127.0459051
11650660,서초구,내곡동,0,4530.35308,0,37.45652174,127.070548
11710510,송파구,풍납1동,0,1560.610585,0,37.5382393,127.1142997
11710520,송파구,풍납2동,1,4074.035201,0,37.52985047,127.1101272
11710531,송파구,거여1동,0,1215.084839,0,37.49438602,127.1416763
11710532,송파구,거여2동,0,2145.996115,0,37.49237517,127.1471747
11710540,송파구,마천1동,0,1658.94075,0,37.49478347,127.1557246
11710550,송파구,마천2동,0,1576.916889,0,37.50032842,127.1514576
11710561,송파구,방이1동,0,2762.067458,0,37.50977183,127.1223151
11710562,송파구,방이2동,0,2977.432052,0,37.51325463,127.1138263
11710566,송파구,오륜동,0,2101.242305,0,37.51761746,127.1287213
11710570,송파구,오금동,0,5169.005235,0,37.50398961,127.1343985
11710580,송파구,송파1동,0,3134.605967,0,37.50716769,127.1103206
11710590,송파구,송파2동,0,2895.413403,0,37.50283563,127.1168312
11710600,송파구,석촌동,0,2769.611532,0,37.50272362,127.1024623
11710610,송파구,삼전동,0,3574.02208,0,37.50172021,127.0919059
11710620,송파구,가락본동,0,3785.278363,0,37.49721686,127.1216395
11710631,송파구,가락1동,0,2984.100349,0,37.49532907,127.108235
11710632,송파구,가락2동,0,3505.712136,0,37.49585964,127.130643
11710641,송파구,문정1동,0,2025.492767,0,37.48817304,127.1268593
11710642,송파구,문정2동,0,1961.109187,0,37.48069393,127.1191361
11710650,송파구,잠실본동,0,3475.036184,0,37.50550699,127.0822939
11710690,송파구,잠실4동,0,4193.370151,0,37.52125459,127.1081523
11710710,송파구,잠실6동,0,3434.46499,0,37.51906528,127.0999816
11710720,송파구,잠실7동,0,1144.507557,0,37.50748108,127.0740976
11710670,송파구,잠실2동,0,6593.096267,0,37.51771946,127.0788194
11710680,송파구,잠실3동,0,7896.55901,1,37.51363837,127.0943193
11710646,송파구,장지동,0,4556.244689,0,37.48278895,127.131629
11710647,송파구,위례동,0,11375.93552,1,37.4816611,127.1412431
11740515,강동구,강일동,0,9148.323116,1,37.56389513,127.1740185
11740520,강동구,상일동,0,4532.943671,0,37.55074458,127.1648423
11740530,강동구,명일1동,1,3489.729279,0,37.5503714,127.1459406
11740540,강동구,명일2동,0,2595.99412,0,37.54828868,127.1542047
11740550,강동구,고덕1동,0,6366.26292,0,37.56334718,127.1503072
11740560,강동구,고덕2동,0,2715.937983,0,37.56586515,127.1616393
11740580,강동구,암사2동,0,1699.816686,0,37.55738056,127.1232422
11740590,강동구,암사3동,0,2764.135159,0,37.56150499,127.1385091
11740600,강동구,천호1동,0,3720.849377,0,37.54631851,127.1385817
11740620,강동구,천호3동,0,2079.422561,0,37.53965387,127.1331959
11740640,강동구,성내1동,0,3006.962777,0,37.52876408,127.1255189
11740650,강동구,성내2동,0,2223.304796,0,37.53436452,127.1277368
11740660,강동구,성내3동,0,2421.885011,0,37.52840356,127.1337967
11740690,강동구,둔촌1동,0,673.059683,0,37.52314517,127.1404347
11740700,강동구,둔촌2동,0,3589.409272,0,37.53151448,127.1474138
11740570,강동구,암사1동,0,3344.686309,0,37.551855,127.1345856
11740610,강동구,천호2동,0,4177.691598,1,37.54469098,127.1222751
11740685,강동구,길동,0,5769.03241,1,37.53972505,127.1459068
